,loss,mae,mse,rmse,val_loss,val_mae,val_mse,val_rmse
0,8.090307235717773,8.590307235717773,75.60478210449219,8.695100784301758,7.843506336212158,8.343506813049316,70.08726501464844,8.371813774108887
1,8.071456909179688,8.571456909179688,75.14550018310547,8.66865062713623,8.083168029785156,8.583168029785156,74.1994857788086,8.613912582397461
2,8.051974296569824,8.551974296569824,74.91307067871094,8.655233383178711,8.253030776977539,8.753030776977539,77.17386627197266,8.784865379333496
3,8.031768798828125,8.531768798828125,74.6168212890625,8.638102531433105,8.355093955993652,8.855093955993652,78.97481536865234,8.886777877807617
4,8.010798454284668,8.510798454284668,74.31755828857422,8.620762825012207,8.414909362792969,8.914909362792969,80.04576110839844,8.946829795837402
5,7.989048957824707,8.489048957824707,74.15088653564453,8.611090660095215,8.421006202697754,8.921006202697754,80.1727523803711,8.953924179077148
6,7.9665069580078125,8.466506958007812,73.7768325805664,8.589344024658203,8.386089324951172,8.886089324951172,79.57587432861328,8.920531272888184
7,7.943166255950928,8.443166732788086,73.38987731933594,8.566789627075195,8.330037117004395,8.830037117004395,78.6109848022461,8.866283416748047
8,7.919021129608154,8.419020652770996,73.11293029785156,8.550609588623047,8.290752410888672,8.790752410888672,77.95503997802734,8.829215049743652
9,7.894070148468018,8.39406967163086,72.57525634765625,8.519111633300781,8.228915214538574,8.728915214538574,76.92628479003906,8.770763397216797
10,7.868307590484619,8.368307113647461,72.1881103515625,8.496358871459961,8.1788911819458,8.6788911819458,76.11481475830078,8.724380493164062
11,7.841733932495117,8.3417329788208,71.81462860107422,8.474350929260254,8.106762886047363,8.606762886047363,74.91905975341797,8.655579566955566
12,7.814347743988037,8.314348220825195,71.37288665771484,8.448247909545898,8.050872802734375,8.550873756408691,74.01639556884766,8.603278160095215
13,7.78615140914917,8.286151885986328,71.1371841430664,8.434286117553711,8.013172149658203,8.513172149658203,73.41645050048828,8.568340301513672
14,7.757144927978516,8.257144927978516,70.66765594482422,8.406405448913574,7.957906723022461,8.457906723022461,72.5108871459961,8.515332221984863
15,7.727323532104492,8.227324485778809,70.14472198486328,8.375244140625,7.914977550506592,8.414977073669434,71.82203674316406,8.474788665771484
16,7.69669771194458,8.196697235107422,69.68309020996094,8.347640037536621,7.866911888122559,8.366911888122559,71.067626953125,8.430161476135254
17,7.665264129638672,8.165264129638672,69.23601531982422,8.320817947387695,7.824910640716553,8.324911117553711,70.41504669189453,8.391366958618164
18,7.633024215698242,8.133024215698242,68.79356384277344,8.294188499450684,7.753695964813232,8.253695487976074,69.26168060302734,8.322360038757324
19,7.599981307983398,8.099981307983398,68.20735168457031,8.258773803710938,7.709868431091309,8.209868431091309,68.58507537841797,8.281610488891602
20,7.566136837005615,8.066136360168457,67.81822967529297,8.235182762145996,7.67072868347168,8.17072868347168,67.9851303100586,8.245309829711914
21,7.531495571136475,8.031495094299316,67.14130401611328,8.19398021697998,7.617746353149414,8.117746353149414,67.13582611083984,8.193645477294922
22,7.496058464050293,7.996058464050293,66.81462860107422,8.17402172088623,7.594970226287842,8.094969749450684,66.78778839111328,8.172379493713379
23,7.4598307609558105,7.959829807281494,66.35343170166016,8.145761489868164,7.563249111175537,8.063249588012695,66.33489990234375,8.144623756408691
24,7.422813415527344,7.922813415527344,65.66143798828125,8.103174209594727,7.563332557678223,8.063332557678223,66.38804626464844,8.147886276245117
25,7.385010719299316,7.885010719299316,65.41352081298828,8.087862968444824,7.527907848358154,8.027907371520996,65.8520278930664,8.1149263381958
26,7.3464250564575195,7.8464250564575195,64.1442642211914,8.009011268615723,7.478240013122559,7.978240013122559,65.09862518310547,8.068371772766113
27,7.307061195373535,7.807061195373535,64.10774230957031,8.006731033325195,7.401837348937988,7.901837348937988,63.911338806152344,7.994456768035889
28,7.266923427581787,7.766923427581787,63.52328872680664,7.970149993896484,7.348698139190674,7.848698139190674,63.07917022705078,7.942239761352539
29,7.226014614105225,7.726014614105225,62.6934700012207,7.9179205894470215,7.338466167449951,7.838466167449951,62.936378479003906,7.9332451820373535
30,7.185019493103027,7.684361934661865,62.43135452270508,7.901351451873779,7.0466628074646,7.5466628074646,58.6640625,7.659246921539307
31,7.1420111656188965,7.642012119293213,61.936737060546875,7.86998987197876,6.957690238952637,7.457690238952637,57.42440414428711,7.5778889656066895
32,7.09883975982666,7.598839282989502,61.241554260253906,7.825698375701904,6.9347333908081055,7.4347333908081055,57.134178161621094,7.558715343475342
33,7.0548996925354,7.554900646209717,60.65052032470703,7.787844181060791,6.906898021697998,7.406898021697998,56.73688507080078,7.532389163970947
34,7.0102667808532715,7.510222911834717,59.894813537597656,7.739173889160156,6.883512020111084,7.383512020111084,56.585933685302734,7.522362232208252
35,6.964797019958496,7.464797019958496,59.1043815612793,7.687937259674072,6.8515238761901855,7.3515238761901855,56.13060760498047,7.49203634262085
36,6.918611526489258,7.418611526489258,58.639400482177734,7.657636642456055,6.82583475112915,7.32583475112915,55.75772476196289,7.467109680175781
37,6.871684551239014,7.371685028076172,57.66771697998047,7.593926429748535,6.78708028793335,7.28708028793335,55.195701599121094,7.429380893707275
38,6.8240227699279785,7.3240227699279785,57.15755844116211,7.5602617263793945,6.758175373077393,7.258175373077393,54.77836227416992,7.401240825653076
39,6.775893211364746,7.275672435760498,56.897926330566406,7.543071269989014,6.57277250289917,7.07277250289917,52.069244384765625,7.215902328491211
40,6.726583003997803,7.226584434509277,55.887489318847656,7.475793361663818,6.551646709442139,7.051646709442139,51.789329528808594,7.1964802742004395
41,6.676737308502197,7.176735877990723,55.07120132446289,7.420997142791748,6.521358489990234,7.021358489990234,51.35573959350586,7.1662917137146
42,6.626481056213379,7.1262030601501465,54.5644416809082,7.386775016784668,6.097750186920166,6.597750186920166,45.458553314208984,6.742295742034912
43,6.575003623962402,7.074997901916504,53.85831069946289,7.338822364807129,6.020694732666016,6.520694732666016,44.41981506347656,6.664819240570068
44,6.523044586181641,7.023025035858154,52.85539627075195,7.270171642303467,5.923505783081055,6.423505783081055,43.140342712402344,6.568130970001221
45,6.470583438873291,6.970331192016602,52.62022018432617,7.253979682922363,5.759739875793457,6.259739875793457,40.961341857910156,6.400104999542236
46,6.416996002197266,6.916995525360107,51.61956024169922,7.184675216674805,5.6879143714904785,6.1879143714904785,40.00386428833008,6.3248610496521
47,6.3655548095703125,6.86555290222168,50.76740646362305,7.125124931335449,5.67208194732666,6.17208194732666,39.81282043457031,6.30974006652832
48,6.30837869644165,6.808362007141113,50.06282424926758,7.0755085945129395,5.692850589752197,6.192850589752197,40.09096145629883,6.331742286682129
49,6.255362033843994,6.755343914031982,49.296531677246094,7.021148681640625,5.649517059326172,6.149517059326172,39.40782165527344,6.277565002441406
50,6.19692850112915,6.69692850112915,48.51166915893555,6.96503210067749,5.587480068206787,6.087480068206787,38.60076141357422,6.212951183319092
51,6.141237258911133,6.640142917633057,47.68602752685547,6.9055070877075195,5.573957920074463,6.073957920074463,38.41068649291992,6.197635650634766
52,6.082884311676025,6.582737445831299,46.765296936035156,6.838515758514404,5.567817687988281,6.067818641662598,38.30190658569336,6.1888532638549805
53,6.024791240692139,6.524622440338135,45.868011474609375,6.772592544555664,5.5044050216674805,6.0044050216674805,37.416439056396484,6.116898059844971
54,5.966467380523682,6.465816020965576,45.380184173583984,6.736481666564941,5.40947151184082,5.90947151184082,36.212642669677734,6.017693996429443
55,5.907082557678223,6.406491279602051,44.80557632446289,6.693696975708008,5.339668273925781,5.839668273925781,35.520023345947266,5.95986795425415
56,5.846319198608398,6.346227645874023,43.599422454833984,6.602985858917236,5.241581439971924,5.741580963134766,34.4552001953125,5.8698554039001465
57,5.787047386169434,6.286912441253662,43.3021240234375,6.580434799194336,5.2079854011535645,5.707984447479248,34.03282928466797,5.833766460418701
58,5.724246501922607,6.224047660827637,42.22797393798828,6.498305320739746,5.210658073425293,5.710658073425293,33.975528717041016,5.828853130340576
59,5.663426399230957,6.163172721862793,41.588233947753906,6.448894023895264,5.118834018707275,5.618834018707275,32.86204147338867,5.732542514801025
60,5.600208759307861,6.099367618560791,40.62944412231445,6.3741230964660645,5.020383834838867,5.520383834838867,31.803787231445312,5.639484882354736
61,5.535876750946045,6.035877227783203,39.66873550415039,6.298312187194824,5.031160354614258,5.5311598777771,31.879976272583008,5.646235466003418
62,5.474118709564209,5.972255229949951,39.038658142089844,6.248092174530029,4.718274116516113,5.218274116516113,28.511333465576172,5.339600563049316
63,5.407353401184082,5.907323837280273,38.10251235961914,6.172723293304443,4.657467842102051,5.157467842102051,27.92903709411621,5.284792900085449
64,5.342550754547119,5.841938495635986,37.213279724121094,6.100268840789795,4.681114673614502,5.181114673614502,28.10602378845215,5.301511287689209
65,5.28039026260376,5.779478073120117,36.565731048583984,6.046960353851318,4.6382365226745605,5.1382365226745605,27.741117477416992,5.266983509063721
66,5.211977958679199,5.711867809295654,35.85340118408203,5.987771034240723,4.558415412902832,5.058415412902832,27.0134334564209,5.197444915771484
67,5.143691539764404,5.642871379852295,35.14422607421875,5.928256511688232,4.525052547454834,5.025052547454834,26.63353729248047,5.160768985748291
68,5.075150489807129,5.575150489807129,34.42428970336914,5.867221832275391,4.485865592956543,4.985865592956543,26.234943389892578,5.122005939483643
69,5.013983249664307,5.513146877288818,33.74215316772461,5.808799743652344,4.426948070526123,4.926948070526123,25.659503936767578,5.065521240234375
70,4.941456317901611,5.439465522766113,32.929481506347656,5.738421440124512,4.260011196136475,4.760011196136475,23.992351531982422,4.89819860458374
71,4.8712158203125,5.369938850402832,31.86112403869629,5.644566059112549,4.168729305267334,4.668729305267334,23.0205078125,4.797969341278076
72,4.800352573394775,5.2999982833862305,31.270334243774414,5.591988563537598,4.080374240875244,4.580374240875244,22.26833152770996,4.71893310546875
73,4.734049320220947,5.232633590698242,30.733530044555664,5.543783187866211,4.030885696411133,4.530885696411133,22.01392364501953,4.69189977645874
74,4.65967321395874,5.157952785491943,29.849668502807617,5.463485240936279,3.9965014457702637,4.496501445770264,21.85357666015625,4.67478084564209
75,4.591125011444092,5.090240478515625,29.164409637451172,5.4004082679748535,3.9243550300598145,4.4243550300598145,21.2431583404541,4.609030246734619
76,4.51499080657959,5.013914585113525,28.227264404296875,5.312933921813965,3.880837917327881,4.380837917327881,20.804527282714844,4.5611982345581055
77,4.444575786590576,4.942495822906494,27.4235782623291,5.236752510070801,3.8316030502319336,4.331603050231934,20.28554916381836,4.503948211669922
78,4.370452404022217,4.868585586547852,27.053730010986328,5.201320171356201,3.8014018535614014,4.3014020919799805,20.00249481201172,4.472414970397949
79,4.294224262237549,4.792759895324707,26.05722427368164,5.10462760925293,3.7431750297546387,4.243175029754639,19.478273391723633,4.413419723510742
80,4.22691535949707,4.725589752197266,25.534626007080078,5.053179740905762,3.6536834239959717,4.153683185577393,18.584714889526367,4.310999393463135
81,4.144576549530029,4.643089771270752,24.351192474365234,4.934692859649658,3.629279136657715,4.129279136657715,18.375253677368164,4.286636829376221
82,4.0693840980529785,4.568210124969482,24.10487937927246,4.909672260284424,3.556537389755249,4.056537628173828,17.75481605529785,4.213646411895752
83,3.994953155517578,4.493399620056152,23.190963745117188,4.815699577331543,3.4818575382232666,3.9818575382232666,17.13050651550293,4.138901710510254
84,3.9144439697265625,4.413610935211182,22.48201560974121,4.741520404815674,3.399312973022461,3.899312973022461,16.486909866333008,4.060407638549805
85,3.841007947921753,4.338512420654297,21.594810485839844,4.647021770477295,3.3025050163269043,3.8025052547454834,15.68117904663086,3.959946870803833
86,3.760789155960083,4.258181571960449,20.75693130493164,4.5559773445129395,3.198404312133789,3.698404312133789,14.931818962097168,3.864171266555786
87,3.6868340969085693,4.184198379516602,20.427854537963867,4.519718647003174,3.0973713397979736,3.5973713397979736,14.104798316955566,3.7556354999542236
88,3.614351987838745,4.110415458679199,19.87811279296875,4.458487510681152,3.001760721206665,3.501760721206665,13.34662914276123,3.653303861618042
89,3.528655529022217,4.024219512939453,18.77956771850586,4.333539962768555,2.964085578918457,3.464085578918457,13.027802467346191,3.6094048023223877
90,3.4511590003967285,3.9484732151031494,18.034618377685547,4.246718406677246,2.8902432918548584,3.3902432918548584,12.517601013183594,3.53802227973938
91,3.3762922286987305,3.872044801712036,17.64531135559082,4.200632095336914,2.8304879665374756,3.3304879665374756,12.154195785522461,3.4862868785858154
92,3.28747296333313,3.7842531204223633,16.8114013671875,4.100171089172363,2.7595324516296387,3.2595324516296387,11.583706855773926,3.403484582901001
93,3.2096450328826904,3.705200672149658,16.261974334716797,4.032613754272461,2.7077019214630127,3.2077019214630127,11.232551574707031,3.3514997959136963
94,3.126692295074463,3.621732234954834,15.894847869873047,3.9868342876434326,2.629092216491699,3.129092216491699,10.810246467590332,3.2878940105438232
95,3.0495777130126953,3.543099880218506,15.198766708374023,3.8985595703125,2.5112316608428955,3.0112316608428955,10.067728042602539,3.1729683876037598
96,2.973658561706543,3.4673285484313965,14.733427047729492,3.8384146690368652,2.310647964477539,2.810647964477539,8.931183815002441,2.988508701324463
97,2.8867547512054443,3.3800363540649414,13.80344295501709,3.7152984142303467,2.2518301010131836,2.7518301010131836,8.554879188537598,2.924872398376465
98,2.800157308578491,3.2926952838897705,13.243839263916016,3.6392085552215576,2.1625583171844482,2.6625583171844482,7.985274314880371,2.8258228302001953
99,2.7242746353149414,3.215165138244629,12.789656639099121,3.576262950897217,2.1478278636932373,2.6478278636932373,7.900124549865723,2.810715913772583
100,2.641793727874756,3.1339824199676514,11.9760103225708,3.460637331008911,2.0804994106292725,2.5804057121276855,7.622954368591309,2.760969877243042
101,2.56984281539917,3.0601887702941895,11.603007316589355,3.4063186645507812,2.0075135231018066,2.507481575012207,7.100460529327393,2.6646690368652344
102,2.4861233234405518,2.9743294715881348,10.906397819519043,3.302483558654785,1.9821330308914185,2.482111692428589,6.860336780548096,2.6192245483398438
103,2.411405324935913,2.8967158794403076,10.51506233215332,3.2426936626434326,1.9660394191741943,2.465951442718506,6.810013771057129,2.609600305557251
104,2.3089261054992676,2.797342300415039,9.942892074584961,3.1532351970672607,1.8918893337249756,2.391324758529663,6.4853668212890625,2.546638250350952
105,2.236203908920288,2.7221317291259766,9.377808570861816,3.0623207092285156,1.8269166946411133,2.325263500213623,6.317652702331543,2.5134940147399902
106,2.1628777980804443,2.6475722789764404,8.961101531982422,2.9935100078582764,1.7488547563552856,2.2471468448638916,5.887900352478027,2.426499605178833
107,2.0936660766601562,2.572359800338745,8.691499710083008,2.9481348991394043,1.6724015474319458,2.171339750289917,5.5040130615234375,2.3460633754730225
108,1.9944705963134766,2.476515769958496,7.967772006988525,2.8227241039276123,1.655845284461975,2.155250310897827,5.27371883392334,2.2964580059051514
109,1.9156428575515747,2.3911471366882324,7.489601135253906,2.7367136478424072,1.607883334159851,2.107276678085327,5.040031433105469,2.2450013160705566
110,1.841467022895813,2.3235886096954346,6.945633411407471,2.6354570388793945,1.5146989822387695,2.0139994621276855,4.562410831451416,2.1359801292419434
111,1.7611355781555176,2.235175371170044,6.538489818572998,2.557047128677368,1.4169856309890747,1.9161819219589233,4.225940227508545,2.05570912361145
112,1.6802946329116821,2.155595541000366,6.110254287719727,2.471892833709717,1.3093122243881226,1.8077287673950195,3.8137972354888916,1.9528945684432983
113,1.6141215562820435,2.0857746601104736,5.706570625305176,2.388843059539795,1.2800840139389038,1.7790213823318481,3.7033727169036865,1.924414873123169
114,1.524156928062439,1.9987497329711914,5.286764621734619,2.2992966175079346,1.2325947284698486,1.7314941883087158,3.4577598571777344,1.859505295753479
115,1.434823989868164,1.904482126235962,4.795527935028076,2.1898694038391113,1.2270997762680054,1.7260868549346924,3.403333902359009,1.8448127508163452
116,1.3644917011260986,1.8279657363891602,4.546424865722656,2.132234811782837,1.1281869411468506,1.625117301940918,3.1306095123291016,1.7693527936935425
117,1.333086609840393,1.7975327968597412,4.511296272277832,2.123981237411499,1.055139183998108,1.5486335754394531,2.9111344814300537,1.7062046527862549
118,1.247903823852539,1.6974101066589355,4.071372985839844,2.0177643299102783,0.9606297016143799,1.4523522853851318,2.502603054046631,1.581961750984192
119,1.1751430034637451,1.6236575841903687,3.737454891204834,1.933249831199646,0.8919349312782288,1.37702476978302,2.2864623069763184,1.5121052265167236
120,1.1076030731201172,1.558168888092041,3.461973190307617,1.860637903213501,0.8282366394996643,1.3075129985809326,2.106243848800659,1.4512903690338135
121,1.0364121198654175,1.485188603401184,3.133892297744751,1.7702802419662476,0.7986501455307007,1.2764288187026978,1.9770413637161255,1.406072974205017
122,0.9578127264976501,1.4012489318847656,2.8484838008880615,1.687745213508606,0.7208237648010254,1.1888816356658936,1.771021842956543,1.3307974338531494
123,0.923538327217102,1.3606045246124268,2.6916682720184326,1.6406304836273193,0.6736007928848267,1.1372438669204712,1.6211696863174438,1.2732516527175903
124,0.8687612414360046,1.300498604774475,2.478281021118164,1.5742557048797607,0.6497098803520203,1.1119556427001953,1.5417896509170532,1.2416882514953613
125,0.8034833669662476,1.2291032075881958,2.2866432666778564,1.5121650695800781,0.5660071969032288,1.0046855211257935,1.3287426233291626,1.152711033821106
126,0.7721287608146667,1.1881457567214966,2.193024158477783,1.4808862209320068,0.4924784302711487,0.9277292490005493,1.1003278493881226,1.0489650964736938
127,0.730345606803894,1.1458157300949097,2.0024640560150146,1.4150844812393188,0.4377554953098297,0.855338990688324,0.9954771995544434,0.9977360367774963
128,0.694774866104126,1.10641348361969,1.843187689781189,1.3576405048370361,0.3996792137622833,0.8103476166725159,0.8957313895225525,0.9464308619499207
129,0.6193497776985168,1.0201703310012817,1.6106289625167847,1.2691055536270142,0.3723548352718353,0.7771264910697937,0.8319563865661621,0.9121164083480835
130,0.6310603022575378,1.029442310333252,1.6936495304107666,1.3014029264450073,0.3368106186389923,0.7406403422355652,0.7256051898002625,0.8518246412277222
131,0.5793755650520325,0.9774156808853149,1.5199509859085083,1.232862949371338,0.30321869254112244,0.6910728216171265,0.641918957233429,0.801198422908783
132,0.5221584439277649,0.9130813479423523,1.3082263469696045,1.1437772512435913,0.28229743242263794,0.6633080244064331,0.5903733372688293,0.7683575749397278
133,0.47976982593536377,0.8605868816375732,1.194471001625061,1.0929185152053833,0.2595852315425873,0.6282911896705627,0.5503990054130554,0.7418888211250305
134,0.47305577993392944,0.8554103970527649,1.1807163953781128,1.0866076946258545,0.22501137852668762,0.5767155885696411,0.4688897430896759,0.684755265712738
135,0.45485353469848633,0.8261181712150574,1.1394140720367432,1.0674333572387695,0.198756143450737,0.5350456833839417,0.40762534737586975,0.6384554505348206
136,0.41476938128471375,0.7904061675071716,0.9780966639518738,0.9889876842498779,0.17426779866218567,0.4934501647949219,0.35628995299339294,0.5969002842903137
137,0.374563992023468,0.741994321346283,0.8673537969589233,0.9313182830810547,0.14876246452331543,0.44550034403800964,0.3039192855358124,0.5512887239456177
138,0.3913242816925049,0.7582772374153137,0.9318816065788269,0.9653401374816895,0.14011108875274658,0.4253981411457062,0.28470495343208313,0.5335775017738342
139,0.371397465467453,0.7265803813934326,0.888992428779602,0.942863941192627,0.12976910173892975,0.4218621551990509,0.2626103162765503,0.5124551653862
140,0.38187792897224426,0.735475480556488,0.9348411560058594,0.9668718576431274,0.11977149546146393,0.398014098405838,0.24189916253089905,0.4918324649333954
141,0.34515470266342163,0.7022921442985535,0.7971706986427307,0.8928441405296326,0.11746655404567719,0.3938171863555908,0.23746229708194733,0.4873010218143463
142,0.33695656061172485,0.684034526348114,0.7793208360671997,0.8827915191650391,0.10806456953287125,0.378435879945755,0.21749456226825714,0.4663631319999695
143,0.32490116357803345,0.6742438673973083,0.742844820022583,0.8618844747543335,0.10089650750160217,0.3632575571537018,0.20312495529651642,0.45069384574890137
144,0.32296109199523926,0.6695809364318848,0.755045473575592,0.8689334988594055,0.0911388024687767,0.35009387135505676,0.18327771127223969,0.42810946702957153
145,0.2849806547164917,0.6221961379051208,0.6381393074989319,0.7988362312316895,0.08372487127780914,0.33158427476882935,0.16888906061649323,0.4109611511230469
146,0.31732702255249023,0.6596904993057251,0.7289726138114929,0.8537989258766174,0.0843748077750206,0.33069947361946106,0.17077913880348206,0.4132543206214905
147,0.2780299484729767,0.6043869853019714,0.6271405220031738,0.7919220328330994,0.07839705049991608,0.31744614243507385,0.15882138907909393,0.3985240161418915
148,0.2572244107723236,0.5805609226226807,0.5670747756958008,0.7530436515808105,0.07860812544822693,0.3145425617694855,0.15868234634399414,0.3983495235443115
149,0.2801527678966522,0.6162242889404297,0.6171197891235352,0.7855697274208069,0.07105431705713272,0.3045139014720917,0.14303351938724518,0.37819772958755493
150,0.2588343918323517,0.58196622133255,0.5806018114089966,0.7619723081588745,0.06613227725028992,0.29089879989624023,0.13303472101688385,0.36473923921585083
151,0.2603248655796051,0.5918394923210144,0.5853703022003174,0.7650949358940125,0.06227760389447212,0.27936455607414246,0.12521666288375854,0.35385966300964355
152,0.2582819163799286,0.5816506743431091,0.5885850787162781,0.7671929597854614,0.05846588686108589,0.2734225392341614,0.11818595975637436,0.34378185868263245
153,0.2268219143152237,0.545470654964447,0.4956795275211334,0.7040451169013977,0.05687485635280609,0.2679610252380371,0.11437743157148361,0.3381973206996918
154,0.24012242257595062,0.5614524483680725,0.5324793457984924,0.7297118306159973,0.05828249081969261,0.2748211920261383,0.11798419058322906,0.34348827600479126
155,0.23422567546367645,0.5582637190818787,0.5210011601448059,0.7218040823936462,0.05936141312122345,0.27498874068260193,0.12010470777750015,0.3465612530708313
156,0.26217272877693176,0.5869719386100769,0.5873547196388245,0.7663906812667847,0.05588819459080696,0.2660781443119049,0.1126890778541565,0.3356919288635254
157,0.21363717317581177,0.5265990495681763,0.4629518687725067,0.6804056763648987,0.04996664077043533,0.2516937553882599,0.10082907229661942,0.317535936832428
158,0.24358755350112915,0.5652014017105103,0.5380619168281555,0.7335270643234253,0.04855680838227272,0.24835750460624695,0.09796231240034103,0.31298932433128357
159,0.21709811687469482,0.5298594832420349,0.4659881889820099,0.6826332807540894,0.04834097996354103,0.24583901464939117,0.09741965681314468,0.3121212124824524
160,0.23612962663173676,0.5549386143684387,0.5191221237182617,0.7205013036727905,0.04793829843401909,0.24456080794334412,0.09679241478443146,0.3111147880554199
161,0.22034622728824615,0.531050980091095,0.47261878848075867,0.6874727606773376,0.05295128747820854,0.25860148668289185,0.10690105706453323,0.3269572854042053
162,0.2187223583459854,0.531205415725708,0.4745614528656006,0.6888841986656189,0.052346330136060715,0.2576795816421509,0.10636259615421295,0.32613277435302734
163,0.2318570613861084,0.5490262508392334,0.5194359421730042,0.720719039440155,0.04671178013086319,0.2386108785867691,0.09484505653381348,0.30796924233436584
164,0.21165506541728973,0.5132716298103333,0.4626495838165283,0.680183470249176,0.04569121077656746,0.23366835713386536,0.09272974729537964,0.3045156002044678
165,0.21232810616493225,0.5207153558731079,0.45508620142936707,0.6746007800102234,0.04638964682817459,0.23614607751369476,0.09360259026288986,0.30594539642333984
166,0.20021942257881165,0.5091009140014648,0.43595224618911743,0.6602668166160583,0.049513980746269226,0.24660219252109528,0.09964946657419205,0.31567302346229553
167,0.22497916221618652,0.5398663282394409,0.5036454796791077,0.7096798419952393,0.046707119792699814,0.24005460739135742,0.09463994950056076,0.3076360523700714
168,0.20980963110923767,0.5191676020622253,0.4512060582637787,0.6717187166213989,0.04634862020611763,0.23618650436401367,0.09373512119054794,0.30616191029548645
169,0.21554283797740936,0.5248011350631714,0.46469056606292725,0.6816821694374084,0.04466571286320686,0.23155547678470612,0.08999526500701904,0.2999921143054962
170,0.19257211685180664,0.4955429136753082,0.4144107699394226,0.6437474489212036,0.04408593103289604,0.22955447435379028,0.08917314559221268,0.29861873388290405
171,0.19799987971782684,0.49622276425361633,0.4341685473918915,0.6589146852493286,0.04569198563694954,0.23402267694473267,0.09271665662527084,0.30449411273002625
172,0.19571395218372345,0.5019649863243103,0.42944592237472534,0.6553212404251099,0.04365186020731926,0.22796659171581268,0.08866920322179794,0.2977737486362457
173,0.19220463931560516,0.4858036935329437,0.41577374935150146,0.6448051929473877,0.041672058403491974,0.22094494104385376,0.08420772850513458,0.29018568992614746
174,0.22029384970664978,0.536881148815155,0.5007048845291138,0.7076050639152527,0.04189986735582352,0.22458407282829285,0.08503735065460205,0.2916116416454315
175,0.18521636724472046,0.4851152300834656,0.4007265269756317,0.6330296397209167,0.042784903198480606,0.22773204743862152,0.08741236478090286,0.2956558167934418
176,0.1860586553812027,0.48697933554649353,0.4162605404853821,0.6451825499534607,0.04248984903097153,0.22873452305793762,0.08699826896190643,0.29495468735694885
177,0.18711906671524048,0.47943416237831116,0.4054061770439148,0.6367151737213135,0.04263720661401749,0.22807577252388,0.08722719550132751,0.29534250497817993
178,0.18236055970191956,0.47980067133903503,0.3920316696166992,0.6261243224143982,0.041485633701086044,0.22335000336170197,0.08480100333690643,0.29120612144470215
179,0.17440812289714813,0.4674488306045532,0.3783389627933502,0.6150926351547241,0.04024156183004379,0.21748174726963043,0.0826893299818039,0.2875575125217438
180,0.1745196133852005,0.4768267571926117,0.3699800372123718,0.6082598567008972,0.03818139061331749,0.21109651029109955,0.07795920968055725,0.27921175956726074
181,0.18291164934635162,0.4770020842552185,0.4033883810043335,0.6351286172866821,0.037501297891139984,0.2101651430130005,0.07680723071098328,0.27714118361473083
182,0.18920885026454926,0.48670294880867004,0.4092215895652771,0.6397042870521545,0.037909526377916336,0.21348786354064941,0.07741501927375793,0.2782355546951294
183,0.16976889967918396,0.4685952365398407,0.35715824365615845,0.5976271629333496,0.03614768385887146,0.20763522386550903,0.0737789124250412,0.27162274718284607
184,0.15963691473007202,0.44627347588539124,0.3438570201396942,0.5863932371139526,0.03781814128160477,0.21160322427749634,0.07817760854959488,0.279602587223053
185,0.1648494005203247,0.45334485173225403,0.35072582960128784,0.5922210812568665,0.03621634468436241,0.20746469497680664,0.07441947609186172,0.2727993428707123
186,0.1600732058286667,0.4451567828655243,0.3451581597328186,0.5875016450881958,0.03557410463690758,0.20508123934268951,0.07327273488044739,0.27068936824798584
187,0.16267560422420502,0.45021963119506836,0.34432026743888855,0.5867881178855896,0.03427273780107498,0.2028651386499405,0.07018464058637619,0.2649238407611847
188,0.1572372168302536,0.43821972608566284,0.3366006016731262,0.5801728963851929,0.03425927087664604,0.20352786779403687,0.07016175240278244,0.26488062739372253
189,0.165056511759758,0.4516877830028534,0.35088977217674255,0.5923594832420349,0.03376607969403267,0.20185281336307526,0.06914162635803223,0.2629479467868805
190,0.17523154616355896,0.4679464101791382,0.37158283591270447,0.6095759272575378,0.033886250108480453,0.20245328545570374,0.06922536343336105,0.2631071209907532
191,0.16413411498069763,0.46093496680259705,0.3485557734966278,0.5903860926628113,0.03296229615807533,0.1991037130355835,0.06719646602869034,0.2592228055000305
192,0.15357188880443573,0.4343433678150177,0.3240625560283661,0.5692649483680725,0.03399404138326645,0.20328740775585175,0.06979572772979736,0.2641887962818146
193,0.16248270869255066,0.4418559670448303,0.35525915026664734,0.5960361957550049,0.035568010061979294,0.20786422491073608,0.07225766777992249,0.26880785822868347
194,0.160896897315979,0.4445255696773529,0.3436432480812073,0.5862109065055847,0.03247648850083351,0.19702476263046265,0.06626729667186737,0.25742435455322266
195,0.14336876571178436,0.4113411605358124,0.3132576644420624,0.559694230556488,0.032339926809072495,0.19544628262519836,0.06645911931991577,0.25779667496681213
196,0.14389526844024658,0.4203527271747589,0.3102015554904938,0.5569574236869812,0.031804151833057404,0.19360405206680298,0.06511496752500534,0.2551763355731964
197,0.16426236927509308,0.45137280225753784,0.3518184721469879,0.5931428670883179,0.03195976838469505,0.19439131021499634,0.06568631529808044,0.2562934160232544
198,0.14915703237056732,0.4281719923019409,0.32358884811401367,0.568848729133606,0.030451461672782898,0.18970534205436707,0.06237807497382164,0.24975603818893433
199,0.1378406137228012,0.40968015789985657,0.2915925681591034,0.5399931073188782,0.03154950961470604,0.19373275339603424,0.06454209983348846,0.2540513873100281
200,0.16980470716953278,0.4607163667678833,0.3708212375640869,0.6089509129524231,0.031818922609090805,0.19390136003494263,0.0654168501496315,0.25576716661453247
201,0.14256659150123596,0.4140378534793854,0.30108442902565,0.5487115979194641,0.03069533035159111,0.19057396054267883,0.06289928406476974,0.250797301530838
202,0.14727450907230377,0.42961642146110535,0.3116905689239502,0.55829256772995,0.030415255576372147,0.18953277170658112,0.06223786622285843,0.24947518110275269
203,0.1448579728603363,0.42136451601982117,0.30676525831222534,0.5538639426231384,0.03049076907336712,0.19021481275558472,0.06256704777479172,0.25013405084609985
204,0.15017637610435486,0.4318385124206543,0.3237566649913788,0.5689961910247803,0.030394142493605614,0.18967947363853455,0.06219841167330742,0.24939610064029694
205,0.14266355335712433,0.42015165090560913,0.3022993803024292,0.5498175621032715,0.029900912195444107,0.18882589042186737,0.061178918927907944,0.24734371900558472
206,0.15173524618148804,0.43498337268829346,0.3278384506702423,0.5725718140602112,0.030990052968263626,0.19116546213626862,0.06370168924331665,0.2523919343948364
207,0.139004185795784,0.4132572114467621,0.2929396331310272,0.5412389636039734,0.030688149854540825,0.19023901224136353,0.06314850598573685,0.2512936592102051
208,0.14596259593963623,0.4241577386856079,0.3126744329929352,0.5591729879379272,0.029841987416148186,0.18625426292419434,0.06147801876068115,0.24794761836528778
209,0.13278691470623016,0.4042711555957794,0.2842368483543396,0.5331386923789978,0.03062143363058567,0.18959754705429077,0.06286940723657608,0.250737726688385
210,0.14959153532981873,0.4298321306705475,0.3158729076385498,0.5620257258415222,0.031910382211208344,0.19791072607040405,0.06484473496675491,0.25464630126953125
211,0.14033538103103638,0.40999528765678406,0.2979518473148346,0.5458496809005737,0.03088613785803318,0.19150099158287048,0.06327946484088898,0.25155410170555115
212,0.12745100259780884,0.38940897583961487,0.27215173840522766,0.5216816663742065,0.03166904300451279,0.19109530746936798,0.06530702859163284,0.25555241107940674
213,0.13247716426849365,0.3985539376735687,0.28281721472740173,0.5318056344985962,0.031563159078359604,0.19053621590137482,0.06537530571222305,0.255685955286026
214,0.12202642858028412,0.38558533787727356,0.2537221312522888,0.5037083625793457,0.03157923370599747,0.18981604278087616,0.06549512594938278,0.2559201419353485
215,0.14069393277168274,0.414815217256546,0.2985321283340454,0.5463809370994568,0.03075862117111683,0.18749868869781494,0.06347925961017609,0.2519509196281433
216,0.127860888838768,0.3986399173736572,0.2701602876186371,0.5197694301605225,0.03167570382356644,0.18976086378097534,0.06557765603065491,0.25608134269714355
217,0.1240992471575737,0.39009904861450195,0.2622912526130676,0.5121437907218933,0.03154589235782623,0.1895015984773636,0.06546001881361008,0.2558515667915344
218,0.1328241229057312,0.415451318025589,0.27682816982269287,0.5261446237564087,0.03256504237651825,0.1917075514793396,0.06792784482240677,0.26062971353530884
219,0.12409939616918564,0.38777998089790344,0.2615933120250702,0.5114619135856628,0.029968302696943283,0.18694333732128143,0.06169457733631134,0.24838392436504364
220,0.12540759146213531,0.3853911757469177,0.2662878632545471,0.5160308480262756,0.031184788793325424,0.19358524680137634,0.0639357939362526,0.2528552711009979
221,0.110504649579525,0.3624562621116638,0.23274944722652435,0.48244112730026245,0.03122343309223652,0.18783892691135406,0.0647619441151619,0.2544836699962616
222,0.11666703224182129,0.37320762872695923,0.24223937094211578,0.49217820167541504,0.03208127245306969,0.19189083576202393,0.06657916307449341,0.25802937150001526
223,0.12315131723880768,0.38003018498420715,0.2676682472229004,0.5173666477203369,0.03019697591662407,0.18655578792095184,0.06250077486038208,0.25000154972076416
224,0.12327523529529572,0.38098281621932983,0.2680613398551941,0.5177463889122009,0.030097171664237976,0.18609993159770966,0.062256939709186554,0.2495134025812149
225,0.12301463633775711,0.3798081874847412,0.2612265944480896,0.5111033320426941,0.030054938048124313,0.18603511154651642,0.06211061403155327,0.24922001361846924
226,0.12501397728919983,0.3909781575202942,0.26374995708465576,0.5135658979415894,0.030597826465964317,0.18649201095104218,0.0634433776140213,0.2518796920776367
227,0.12233000993728638,0.37912872433662415,0.25992539525032043,0.5098288059234619,0.029562393203377724,0.18254290521144867,0.06153236702084541,0.24805718660354614
228,0.11075297743082047,0.3657242953777313,0.2353641539812088,0.48514342308044434,0.029943205416202545,0.18193180859088898,0.0627974346280098,0.2505941689014435
229,0.11352667957544327,0.3694728910923004,0.23747168481349945,0.4873106777667999,0.030113104730844498,0.1815553903579712,0.0633184164762497,0.251631498336792
230,0.1116795763373375,0.37096700072288513,0.2423788458108902,0.49231985211372375,0.02937507815659046,0.18016745150089264,0.06141871586441994,0.24782799184322357
231,0.11594822257757187,0.37362369894981384,0.24124498665332794,0.49116694927215576,0.02983061410486698,0.17998749017715454,0.06242968887090683,0.24985933303833008
232,0.11834913492202759,0.37876245379447937,0.25097981095314026,0.5009788274765015,0.02831105887889862,0.17527933418750763,0.05943816900253296,0.24379944801330566
233,0.12842652201652527,0.3947715759277344,0.2764585316181183,0.5257932543754578,0.029079265892505646,0.17997735738754272,0.060661155730485916,0.24629485607147217
234,0.11208423972129822,0.3661786913871765,0.2421519011259079,0.49208933115005493,0.02883761376142502,0.17601840198040009,0.06065293028950691,0.24627815186977386
235,0.09575846046209335,0.3362230658531189,0.20052316784858704,0.44779813289642334,0.029571453109383583,0.17819063365459442,0.062369074672460556,0.24973800778388977
236,0.11207367479801178,0.3657541275024414,0.23712582886219025,0.4869556725025177,0.03127545490860939,0.18128220736980438,0.06608931720256805,0.2570784389972687
237,0.1158236712217331,0.37107542157173157,0.242738276720047,0.4926847517490387,0.028551053255796432,0.17605650424957275,0.05979585647583008,0.24453191459178925
238,0.12107513099908829,0.38667893409729004,0.25227946043014526,0.5022742748260498,0.028714792802929878,0.17644178867340088,0.06017562374472618,0.24530720710754395
239,0.10823308676481247,0.35395461320877075,0.22771808505058289,0.47719815373420715,0.029336249455809593,0.17623543739318848,0.061767928302288055,0.2485315501689911
240,0.1046467050909996,0.3554302752017975,0.21999548375606537,0.4690367579460144,0.029029732570052147,0.17795602977275848,0.06073085218667984,0.24643629789352417
241,0.10829361528158188,0.36678820848464966,0.23051407933235168,0.4801188111305237,0.02987871691584587,0.17841339111328125,0.06263329088687897,0.250266432762146
242,0.10588622838258743,0.35131582617759705,0.22333090007305145,0.4725790023803711,0.02975533716380596,0.1766471266746521,0.06269706785678864,0.2503938376903534
243,0.10434794425964355,0.35742759704589844,0.21798084676265717,0.46688419580459595,0.027907811105251312,0.1737433522939682,0.05869872868061066,0.24227820336818695
244,0.10662618279457092,0.35968735814094543,0.22270123660564423,0.47191232442855835,0.02876277267932892,0.17685548961162567,0.06086709722876549,0.2467125803232193
245,0.11118023842573166,0.36608290672302246,0.23750025033950806,0.48733997344970703,0.028683537617325783,0.17593219876289368,0.060445304960012436,0.24585627019405365
246,0.10712216794490814,0.36088719964027405,0.22339564561843872,0.472647488117218,0.02864140458405018,0.18018387258052826,0.05994085967540741,0.2448282241821289
247,0.09224565327167511,0.3296301066875458,0.19442737102508545,0.44093918800354004,0.029727214947342873,0.18262574076652527,0.06221434101462364,0.24942803382873535
248,0.11081531643867493,0.3599889278411865,0.235897034406662,0.4856923222541809,0.02948458306491375,0.18087966740131378,0.06171765550971031,0.24843038618564606
249,0.09657895565032959,0.3396470844745636,0.2019200176000595,0.4493551254272461,0.029825977981090546,0.1793995052576065,0.06272315233945847,0.2504459023475647
250,0.10344001650810242,0.35126766562461853,0.2170879989862442,0.46592703461647034,0.029197461903095245,0.1782737374305725,0.06100983917713165,0.24700169265270233
251,0.10252205282449722,0.34802472591400146,0.2189483642578125,0.46791917085647583,0.028753185644745827,0.17615041136741638,0.06021783873438835,0.24539323151111603
252,0.10256169736385345,0.3448091745376587,0.2161845862865448,0.4649565517902374,0.02817239984869957,0.17378202080726624,0.05928516760468483,0.2434854507446289
253,0.09805471450090408,0.34807172417640686,0.20332588255405426,0.45091670751571655,0.028504246845841408,0.17389905452728271,0.06014375761151314,0.24524223804473877
254,0.10125328600406647,0.34949982166290283,0.21823199093341827,0.46715307235717773,0.02822515368461609,0.17420807480812073,0.05919535458087921,0.24330095946788788
255,0.09063421189785004,0.33064156770706177,0.1899673193693161,0.43585240840911865,0.028068803250789642,0.17173241078853607,0.05917692184448242,0.24326306581497192
256,0.10272064059972763,0.3509567677974701,0.2160636931657791,0.4648265242576599,0.028427910059690475,0.17333967983722687,0.06002571061253548,0.24500145018100739
257,0.09918577969074249,0.34532079100608826,0.21106664836406708,0.4594199061393738,0.02811175212264061,0.17328470945358276,0.059022627770900726,0.24294573068618774
258,0.10241442918777466,0.3488471210002899,0.21377746760845184,0.46236076951026917,0.02766403928399086,0.1768752634525299,0.057587794959545135,0.23997457325458527
259,0.1068674847483635,0.3528345823287964,0.22895237803459167,0.4784896969795227,0.027914077043533325,0.17545224726200104,0.05833373963832855,0.24152378737926483
260,0.11038480699062347,0.36220139265060425,0.23640668392181396,0.4862166941165924,0.02852894552052021,0.17990437150001526,0.05933951213955879,0.24359703063964844
261,0.09401565045118332,0.3343451917171478,0.2002280354499817,0.44746845960617065,0.02686162292957306,0.17196783423423767,0.05638819560408592,0.23746198415756226
262,0.09411934018135071,0.33264774084091187,0.19946961104869843,0.4466201961040497,0.027326801791787148,0.17238064110279083,0.05755746737122536,0.23991137742996216
263,0.0936717540025711,0.3365471363067627,0.20047256350517273,0.44774162769317627,0.027340929955244064,0.17187532782554626,0.057571399956941605,0.23994040489196777
264,0.08941460400819778,0.32445910573005676,0.19120416045188904,0.4372689723968506,0.027118060737848282,0.17196400463581085,0.05711048096418381,0.23897799849510193
265,0.08865364640951157,0.32362616062164307,0.1884220391511917,0.43407607078552246,0.026566676795482635,0.1711457520723343,0.05584639683365822,0.2363184243440628
266,0.09724938869476318,0.33664649724960327,0.20443327724933624,0.45214298367500305,0.02601769007742405,0.1706714630126953,0.054439760744571686,0.23332329094409943
267,0.09578500688076019,0.3322465121746063,0.20267213881015778,0.4501912295818329,0.026736656203866005,0.16983552277088165,0.05630604550242424,0.2372889518737793
268,0.08669745177030563,0.3217215836048126,0.1838514357805252,0.4287790060043335,0.02593192085623741,0.16916345059871674,0.05433586612343788,0.2331005483865738
269,0.09426411241292953,0.3375648260116577,0.2016582489013672,0.4490637481212616,0.02679312787950039,0.17389875650405884,0.055747050791978836,0.23610813915729523
270,0.08612112700939178,0.3206671476364136,0.182940274477005,0.4277151823043823,0.02663286030292511,0.1718350499868393,0.055814918130636215,0.2362518161535263
271,0.08844910562038422,0.3171983063220978,0.187094584107399,0.4325443208217621,0.026741547510027885,0.1704772710800171,0.05629362165927887,0.2372627705335617
272,0.09712555259466171,0.3409273326396942,0.2070271074771881,0.4550023078918457,0.026772046461701393,0.1706065535545349,0.05638093501329422,0.23744669556617737
273,0.09022017568349838,0.32981085777282715,0.19226518273353577,0.43848052620887756,0.02698434703052044,0.17099353671073914,0.05672905594110489,0.23817862570285797
274,0.0846918448805809,0.3137398362159729,0.1807718425989151,0.42517271637916565,0.026790989562869072,0.17128798365592957,0.05636950954794884,0.2374226450920105
275,0.0900748148560524,0.32623910903930664,0.1908612698316574,0.43687671422958374,0.02722262591123581,0.1731209009885788,0.05717688426375389,0.2391168773174286
276,0.09832922369241714,0.3335416913032532,0.21087589859962463,0.4592122733592987,0.026993216946721077,0.1718548983335495,0.05645490810275078,0.23760241270065308
277,0.09604103118181229,0.3388979136943817,0.2014055997133255,0.448782354593277,0.026291674003005028,0.16912686824798584,0.0552535317838192,0.2350606918334961
278,0.09088175743818283,0.32702890038490295,0.19302748143672943,0.4393489360809326,0.025979813188314438,0.1698094755411148,0.05437232181429863,0.2331787347793579
279,0.09121828526258469,0.3278902769088745,0.18976974487304688,0.43562570214271545,0.028148353099822998,0.1762668639421463,0.058590956032276154,0.24205568432807922
280,0.09651152044534683,0.3416822850704193,0.2063663750886917,0.4542756676673889,0.02725318819284439,0.17275509238243103,0.05709505081176758,0.23894570767879486
281,0.09599260240793228,0.3329467177391052,0.20693930983543396,0.45490583777427673,0.026290906593203545,0.1686067432165146,0.05536768585443497,0.2353033870458603
282,0.09544140100479126,0.34378284215927124,0.20461688935756683,0.45234599709510803,0.025692595168948174,0.16978999972343445,0.053636424243450165,0.23159538209438324
283,0.09094811975955963,0.3207409977912903,0.1926204264163971,0.4388854503631592,0.02624574489891529,0.17140762507915497,0.05492027848958969,0.2343507558107376
284,0.07915747165679932,0.3107399344444275,0.16735216975212097,0.40908700227737427,0.02611037716269493,0.16891878843307495,0.054960522800683975,0.23443660140037537
285,0.08699720352888107,0.3182176649570465,0.18418428301811218,0.4291669726371765,0.025919372215867043,0.1683947741985321,0.05434289202094078,0.23311561346054077
286,0.08546444773674011,0.30826711654663086,0.18196070194244385,0.42656850814819336,0.025717373937368393,0.1677825152873993,0.05410360172390938,0.2326018065214157
287,0.09326276183128357,0.3292357623577118,0.20547352731227875,0.4532918930053711,0.02590020000934601,0.17097733914852142,0.054203420877456665,0.23281627893447876
288,0.07988281548023224,0.300813227891922,0.16582056879997253,0.40721070766448975,0.025927772745490074,0.16554319858551025,0.054818589240312576,0.23413370549678802
289,0.08427269011735916,0.31320464611053467,0.18292921781539917,0.42770224809646606,0.0258145984262228,0.16640077531337738,0.054207783192396164,0.2328256517648697
290,0.08101719617843628,0.3052770495414734,0.17025582492351532,0.4126206934452057,0.025955762714147568,0.16903825104236603,0.05424029752612114,0.23289546370506287
291,0.07805564999580383,0.3013484477996826,0.16731825470924377,0.409045547246933,0.025536654517054558,0.16799396276474,0.053447622805833817,0.23118741810321808
292,0.08761444687843323,0.32533738017082214,0.18332114815711975,0.4281601905822754,0.02552550658583641,0.166911318898201,0.053481344133615494,0.23126034438610077
293,0.08019538968801498,0.312967449426651,0.16851207613945007,0.41050222516059875,0.025741253048181534,0.16864216327667236,0.053788427263498306,0.23192332684993744
294,0.08409614115953445,0.3167245388031006,0.17980428040027618,0.42403334379196167,0.025848694145679474,0.16885817050933838,0.05395907536149025,0.23229092359542847
295,0.08233642578125,0.30915847420692444,0.17650599777698517,0.42012616991996765,0.02532047964632511,0.16560223698616028,0.053240589797496796,0.23073922097682953
296,0.08957384526729584,0.32063886523246765,0.19196410477161407,0.43813708424568176,0.025294585153460503,0.1705760508775711,0.05275546759366989,0.22968558967113495
297,0.08014900237321854,0.3002462089061737,0.17229384183883667,0.4150829315185547,0.025160949677228928,0.1665177345275879,0.052633561193943024,0.22942005097866058
298,0.0763760656118393,0.29366251826286316,0.1617562174797058,0.4021892845630646,0.025150535628199577,0.16711409389972687,0.05243879556655884,0.2289951890707016
299,0.07751794159412384,0.2987915277481079,0.16276462376117706,0.4034409821033478,0.025151729583740234,0.16727088391780853,0.05261101946234703,0.22937092185020447
300,0.0777859091758728,0.2995739281177521,0.16386282444000244,0.4047997295856476,0.02478296309709549,0.16608305275440216,0.05193404108285904,0.22789041697978973
301,0.08075130730867386,0.31297042965888977,0.17051367461681366,0.41293302178382874,0.026464050635695457,0.17173556983470917,0.05508362129330635,0.23469899594783783
302,0.08294113725423813,0.3068752884864807,0.17813387513160706,0.4220590889453888,0.025719793513417244,0.16595599055290222,0.05411549285054207,0.23262736201286316
303,0.07396913319826126,0.2897164225578308,0.15790081024169922,0.39736735820770264,0.02538115344941616,0.16796651482582092,0.05310835689306259,0.2304525077342987
304,0.07579285651445389,0.2977573275566101,0.1616617739200592,0.40207186341285706,0.02483290433883667,0.16367851197719574,0.05217570811510086,0.22842001914978027
305,0.0797557532787323,0.30459457635879517,0.16694052517414093,0.40858355164527893,0.025164706632494926,0.16512815654277802,0.05276470258831978,0.22970569133758545
306,0.0750267282128334,0.29028451442718506,0.16307958960533142,0.4038311541080475,0.025539496913552284,0.1675797700881958,0.053310804069042206,0.23089133203029633
307,0.0759471133351326,0.2927521765232086,0.16334033012390137,0.40415385365486145,0.025606121867895126,0.16906282305717468,0.05312477424740791,0.230488121509552
308,0.07686057686805725,0.29852262139320374,0.16530512273311615,0.40657731890678406,0.02504495345056057,0.16670818626880646,0.052104055881500244,0.22826312482357025
309,0.07815776020288467,0.3008127212524414,0.16625456511974335,0.4077432453632355,0.025206146761775017,0.16795319318771362,0.052472081035375595,0.2290678471326828
310,0.07569272816181183,0.2981652319431305,0.16286052763462067,0.4035598337650299,0.025161013007164,0.1632942259311676,0.05284516513347626,0.22988076508045197
311,0.08225810527801514,0.307359904050827,0.17451876401901245,0.4177544414997101,0.025256555527448654,0.16481046378612518,0.052919868379831314,0.2300431877374649
312,0.07461860775947571,0.2918819785118103,0.16195610165596008,0.402437686920166,0.024845650419592857,0.1672641485929489,0.05161210522055626,0.22718298435211182
313,0.07484164088964462,0.2937321960926056,0.1568075716495514,0.3959893584251404,0.024875836446881294,0.1670447140932083,0.05175812914967537,0.22750413417816162
314,0.07768642902374268,0.2980114221572876,0.16330939531326294,0.40411555767059326,0.024775952100753784,0.16660752892494202,0.051662690937519073,0.22729428112506866
315,0.0853254571557045,0.31870225071907043,0.18065369129180908,0.4250337481498718,0.024626541882753372,0.16494601964950562,0.05153680965304375,0.22701719403266907
316,0.07700323313474655,0.29538705945014954,0.16587406396865845,0.4072763919830322,0.025464355945587158,0.16767045855522156,0.05318664386868477,0.2306222915649414
317,0.07826800644397736,0.2928415834903717,0.16827860474586487,0.4102177619934082,0.02524218149483204,0.16794076561927795,0.05256155878305435,0.2292630821466446
318,0.07929246127605438,0.2990197241306305,0.1735357791185379,0.4165762662887573,0.025048905983567238,0.1688183844089508,0.05191252380609512,0.22784319519996643
319,0.07780367881059647,0.2968309819698334,0.1660231500864029,0.4074593782424927,0.025178123265504837,0.16872990131378174,0.05248504877090454,0.2290961593389511
320,0.07832082360982895,0.30064043402671814,0.17017331719398499,0.4125206768512726,0.025280756875872612,0.16611482203006744,0.05278616026043892,0.22975239157676697
321,0.06882871687412262,0.27981844544410706,0.14548157155513763,0.38142046332359314,0.02616037055850029,0.16962388157844543,0.05457219481468201,0.23360691964626312
322,0.07312286645174026,0.28640875220298767,0.160691037774086,0.4008628726005554,0.025693155825138092,0.16776911914348602,0.053601812571287155,0.2315206527709961
323,0.07333525270223618,0.2965543270111084,0.1554185301065445,0.39423155784606934,0.024703675881028175,0.16369006037712097,0.051594968885183334,0.227145254611969
324,0.0829198807477951,0.3095362186431885,0.17709024250507355,0.4208209216594696,0.02528006210923195,0.16606174409389496,0.052672721445560455,0.22950538992881775
325,0.07589638233184814,0.2978764772415161,0.1604939103126526,0.40061691403388977,0.02524549327790737,0.1663612723350525,0.05281783267855644,0.2298213094472885
326,0.07135801017284393,0.2883477509021759,0.14946430921554565,0.3866061568260193,0.025173382833600044,0.16351410746574402,0.05287674441933632,0.2299494445323944
327,0.0723920464515686,0.2884409427642822,0.15280647575855255,0.3909046947956085,0.025488650426268578,0.166501984000206,0.05328221991658211,0.2308294177055359
328,0.07962525635957718,0.3055221736431122,0.16829657554626465,0.41023966670036316,0.02458253689110279,0.1644202023744583,0.05130971968173981,0.2265164852142334
329,0.07847368717193604,0.3031284809112549,0.17009177803993225,0.412421852350235,0.02531547285616398,0.1666676104068756,0.052715085446834564,0.22959765791893005
330,0.07532954961061478,0.2897530198097229,0.1627122312784195,0.403376042842865,0.02487839199602604,0.16386403143405914,0.05206005647778511,0.22816672921180725
331,0.06887724995613098,0.28086820244789124,0.1457943469285965,0.38183024525642395,0.02439524047076702,0.16153085231781006,0.0510481521487236,0.22593837976455688
332,0.07468121498823166,0.2966950237751007,0.16037121415138245,0.4004637598991394,0.024251990020275116,0.16151008009910583,0.050646938383579254,0.2250487506389618
333,0.0730632022023201,0.28982269763946533,0.15679095685482025,0.39596837759017944,0.025403890758752823,0.16296252608299255,0.05355310067534447,0.23141543567180634
334,0.06731311976909637,0.27536216378211975,0.14785094559192657,0.3845139145851135,0.02420646697282791,0.16070440411567688,0.050797220319509506,0.22538238763809204
335,0.06308601796627045,0.27130213379859924,0.1377905011177063,0.37120142579078674,0.024108685553073883,0.161453515291214,0.050364743918180466,0.22442090511322021
336,0.07355966418981552,0.290505588054657,0.1549631804227829,0.39365363121032715,0.02338680438697338,0.15874147415161133,0.04881718382239342,0.22094610333442688
337,0.07159853726625443,0.2881822884082794,0.15024857223033905,0.38761910796165466,0.023977523669600487,0.16244915127754211,0.04987456277012825,0.22332613170146942
338,0.06824362277984619,0.28024017810821533,0.14633356034755707,0.3825356960296631,0.024293309077620506,0.16408789157867432,0.05039045587182045,0.22447818517684937
339,0.07347362488508224,0.29536324739456177,0.15624649822711945,0.39528027176856995,0.02427397295832634,0.16361862421035767,0.0503675602376461,0.22442717850208282
340,0.07393105328083038,0.2921370267868042,0.15725257992744446,0.39655086398124695,0.02399897389113903,0.1619911789894104,0.04985155910253525,0.22327463328838348
341,0.06482158601284027,0.2738560736179352,0.1423121988773346,0.37724289298057556,0.02450047992169857,0.1644180417060852,0.05086327716708183,0.22552888095378876
342,0.06682537496089935,0.27975934743881226,0.1458224207162857,0.38186702132225037,0.024040505290031433,0.16096653044223785,0.05011870339512825,0.22387206554412842
343,0.0662287026643753,0.27511048316955566,0.13921400904655457,0.3731139302253723,0.024423182010650635,0.16385839879512787,0.05055230110883713,0.22483839094638824
344,0.06970995664596558,0.28183454275131226,0.14849700033664703,0.38535308837890625,0.02374902553856373,0.1603926569223404,0.04946345463395119,0.22240380942821503
345,0.06611860543489456,0.2718639373779297,0.14339783787727356,0.3786790668964386,0.023599233478307724,0.15820080041885376,0.04926305636763573,0.22195282578468323
346,0.06786680221557617,0.27499139308929443,0.14775966107845306,0.38439518213272095,0.02375824749469757,0.16097715497016907,0.04922698810696602,0.22187155485153198
347,0.06436599791049957,0.2716478705406189,0.13693124055862427,0.37004220485687256,0.023431943729519844,0.16037049889564514,0.048420701175928116,0.22004704177379608
348,0.07028166949748993,0.2804417312145233,0.15001408755779266,0.3873165249824524,0.023791616782546043,0.16161437332630157,0.04916282370686531,0.2217269092798233
349,0.07548437267541885,0.29098743200302124,0.1613696813583374,0.4017084538936615,0.023638183251023293,0.15823663771152496,0.04940541833639145,0.22227329015731812
350,0.06694759428501129,0.2786756455898285,0.1433870494365692,0.3786648213863373,0.024570347741246223,0.16207239031791687,0.05124100670218468,0.22636476159095764
351,0.07085621356964111,0.2888665199279785,0.15035606920719147,0.3877577483654022,0.023470439016819,0.15859727561473846,0.04880054295063019,0.22090844810009003
352,0.06612426042556763,0.272909015417099,0.14072485268115997,0.37513312697410583,0.023702433332800865,0.16111725568771362,0.0490424819290638,0.22145536541938782
353,0.07193256914615631,0.28502440452575684,0.15537843108177185,0.3941807150840759,0.02349291928112507,0.15735040605068207,0.049040764570236206,0.22145149111747742
354,0.07003144174814224,0.2822704613208771,0.1509898602962494,0.38857412338256836,0.02367904596030712,0.15857593715190887,0.04927624762058258,0.22198253870010376
355,0.06296128779649734,0.26909568905830383,0.13355636596679688,0.3654536306858063,0.02497798204421997,0.1651046723127365,0.05160614475607872,0.22716985642910004
356,0.06649576872587204,0.275163859128952,0.14139153063297272,0.3760206401348114,0.024885164573788643,0.16378085315227509,0.05168387293815613,0.22734087705612183
357,0.07182062417268753,0.2879675626754761,0.15214978158473969,0.3900638222694397,0.023599090054631233,0.15874381363391876,0.0491340234875679,0.22166195511817932
358,0.05592583492398262,0.2517082095146179,0.11956818401813507,0.34578633308410645,0.023404251784086227,0.15683773159980774,0.04875747859477997,0.22081094980239868
359,0.06756515800952911,0.27537137269973755,0.1433783322572708,0.37865331768989563,0.023045966401696205,0.15545815229415894,0.04821397736668587,0.21957682073116302
360,0.06687019020318985,0.2745414674282074,0.14323516190052032,0.3784642219543457,0.02349241077899933,0.15847785770893097,0.049025241285562515,0.2214164435863495
361,0.06744708120822906,0.2768542766571045,0.1442418098449707,0.379791796207428,0.023601602762937546,0.16026756167411804,0.04896366596221924,0.2212773561477661
362,0.06259402632713318,0.2708039879798889,0.13308082520961761,0.36480244994163513,0.023530222475528717,0.1589430421590805,0.04892101138830185,0.22118094563484192
363,0.0692402794957161,0.2821226119995117,0.1483001410961151,0.38509756326675415,0.023428723216056824,0.1572815179824829,0.048873335123062134,0.22107315063476562
364,0.0678774043917656,0.27929529547691345,0.1456870436668396,0.38168972730636597,0.023770831525325775,0.16092099249362946,0.04922211170196533,0.22186057269573212
365,0.07002954185009003,0.2781371772289276,0.1510334312915802,0.388630211353302,0.023282963782548904,0.15763327479362488,0.0483851321041584,0.21996620297431946
366,0.0650092288851738,0.27533119916915894,0.13963273167610168,0.3736746311187744,0.023713095113635063,0.15982478857040405,0.04938391223549843,0.22222492098808289
367,0.06421470642089844,0.26829421520233154,0.14058062434196472,0.3749408423900604,0.023480789735913277,0.15912364423274994,0.04871927574276924,0.2207244336605072
368,0.0653514638543129,0.27186107635498047,0.14164602756500244,0.37635889649391174,0.022750752046704292,0.15758584439754486,0.04724898934364319,0.21736831963062286
369,0.06290070712566376,0.2708069086074829,0.13480952382087708,0.36716416478157043,0.02355869673192501,0.16105619072914124,0.0485101081430912,0.22025009989738464
370,0.07072807848453522,0.2885897755622864,0.14897219836711884,0.3859691619873047,0.023092009127140045,0.15934710204601288,0.04767332598567009,0.21834221482276917
371,0.06202518194913864,0.2677222192287445,0.13312581181526184,0.3648641109466553,0.02299540676176548,0.15566284954547882,0.04796550050377846,0.21901027858257294
372,0.06494612246751785,0.2699841558933258,0.14152173697948456,0.3761937618255615,0.02307017147541046,0.15713539719581604,0.048050567507743835,0.2192043960094452
373,0.06560535728931427,0.2764730453491211,0.13750053942203522,0.3708106577396393,0.023839041590690613,0.16247308254241943,0.049405116587877274,0.2222726196050644
374,0.062342751771211624,0.26439788937568665,0.13409239053726196,0.3661862909793854,0.023405002430081367,0.1601542830467224,0.048493657261133194,0.22021275758743286
375,0.06297627091407776,0.27064812183380127,0.1356915831565857,0.3683633804321289,0.022608980536460876,0.15718412399291992,0.04681346192955971,0.21636418998241425
376,0.06103263422846794,0.26384031772613525,0.13195601105690002,0.363257497549057,0.02281045727431774,0.1576019525527954,0.047192491590976715,0.21723832190036774
377,0.06802534312009811,0.27662500739097595,0.14640507102012634,0.3826291561126709,0.02256164886057377,0.15650403499603271,0.04677606001496315,0.21627773344516754
378,0.06154043972492218,0.26552698016166687,0.1337493360042572,0.3657175600528717,0.022358911111950874,0.15357409417629242,0.04662454500794411,0.21592716872692108
379,0.061077505350112915,0.2663941979408264,0.1304175704717636,0.36113372445106506,0.022628892213106155,0.15623876452445984,0.04698561504483223,0.21676164865493774
380,0.06537064909934998,0.2697397768497467,0.1402827799320221,0.3745434284210205,0.023211082443594933,0.15916824340820312,0.04803753271698952,0.21917466819286346
381,0.057732462882995605,0.2563585638999939,0.12235710024833679,0.34979578852653503,0.02306969277560711,0.15973913669586182,0.04774276912212372,0.21850119531154633
382,0.0654287189245224,0.271221786737442,0.1405395120382309,0.37488600611686707,0.022512124851346016,0.15734946727752686,0.04666389524936676,0.21601827442646027
383,0.06439536809921265,0.2676331400871277,0.13832572102546692,0.3719216585159302,0.022213388234376907,0.15407714247703552,0.04624076187610626,0.21503664553165436
384,0.06505855172872543,0.2735421657562256,0.139749675989151,0.3738310933113098,0.02258177287876606,0.1566036194562912,0.04700331762433052,0.2168024778366089
385,0.06733830273151398,0.28119993209838867,0.14363010227680206,0.37898561358451843,0.02283095009624958,0.15475289523601532,0.04782257229089737,0.21868371963500977
386,0.061174966394901276,0.2611129879951477,0.13144737482070923,0.36255672574043274,0.02260364405810833,0.15559250116348267,0.04712909832596779,0.2170923799276352
387,0.05824518948793411,0.25159409642219543,0.12319277971982956,0.3509882986545563,0.022715410217642784,0.15711072087287903,0.047109879553318024,0.21704810857772827
388,0.06260093301534653,0.2639651894569397,0.1350126415491104,0.36744067072868347,0.022123118862509727,0.1543702632188797,0.04584284871816635,0.21410943567752838
389,0.06605410575866699,0.2751754820346832,0.1443653255701065,0.37995436787605286,0.022101497277617455,0.15417592227458954,0.04582793638110161,0.21407461166381836
390,0.06111061945557594,0.2624291181564331,0.13172361254692078,0.36293748021125793,0.022513126954436302,0.15721510350704193,0.04658334702253342,0.21583175659179688
391,0.06328227370977402,0.26527637243270874,0.13824160397052765,0.37180855870246887,0.02157956175506115,0.15098729729652405,0.04497234895825386,0.21206684410572052
392,0.06562448292970657,0.26950785517692566,0.14456114172935486,0.3802119791507721,0.021763695403933525,0.1544734090566635,0.04508289694786072,0.21232733130455017
393,0.05585236847400665,0.2507760524749756,0.12369398772716522,0.351701557636261,0.022441009059548378,0.1572575569152832,0.04641066491603851,0.215431347489357
394,0.0645117312669754,0.2751390337944031,0.13566620647907257,0.36832892894744873,0.022765208035707474,0.15838812291622162,0.04693681746721268,0.21664907038211823
395,0.06721431016921997,0.2699982821941376,0.14578546583652496,0.38181862235069275,0.022494452074170113,0.15778228640556335,0.04640907421708107,0.21542765200138092
396,0.06381438672542572,0.26963257789611816,0.1378001719713211,0.37121444940567017,0.022055068984627724,0.1510384976863861,0.0459408313035965,0.21433812379837036
397,0.06483456492424011,0.2691974937915802,0.14261770248413086,0.3776475787162781,0.02295830100774765,0.15815475583076477,0.047484468668699265,0.2179093062877655
398,0.06255736947059631,0.2621457576751709,0.1352602243423462,0.36777740716934204,0.022989705204963684,0.15747447311878204,0.04758149012923241,0.21813182532787323
399,0.06516458839178085,0.2693130373954773,0.14063511788845062,0.3750135004520416,0.022735191509127617,0.15538503229618073,0.047259215265512466,0.21739184856414795
400,0.05982323735952377,0.25996217131614685,0.13227728009223938,0.36369943618774414,0.022734519094228745,0.15862013399600983,0.046955399215221405,0.21669194102287292
401,0.05295359343290329,0.24415916204452515,0.11628489941358566,0.34100571274757385,0.02235284075140953,0.1562771499156952,0.04629822447896004,0.215170219540596
402,0.060725823044776917,0.2669682800769806,0.1293061077594757,0.3595915734767914,0.023421498015522957,0.16182534396648407,0.04821818321943283,0.21958638727664948
403,0.060471173375844955,0.2613651156425476,0.13133862614631653,0.3624067008495331,0.022758930921554565,0.15910375118255615,0.04690655320882797,0.21657921373844147
404,0.0680253803730011,0.2807272970676422,0.14429816603660583,0.37986597418785095,0.02262420393526554,0.15781939029693604,0.046799372881650925,0.2163316309452057
405,0.06126641854643822,0.26175299286842346,0.13174816966056824,0.36297130584716797,0.023203127086162567,0.16123946011066437,0.04771176725625992,0.21843023598194122
406,0.0633389949798584,0.26978084444999695,0.13801313936710358,0.37150120735168457,0.022049497812986374,0.15371496975421906,0.04569444805383682,0.21376259624958038
407,0.05605357885360718,0.24913811683654785,0.12004414945840836,0.3464738726615906,0.021982604637742043,0.1524822860956192,0.04559553414583206,0.21353110671043396
408,0.0563570037484169,0.24968601763248444,0.12509630620479584,0.3536895513534546,0.02220352552831173,0.15270397067070007,0.046109288930892944,0.21473073959350586
409,0.0543503500521183,0.24697327613830566,0.1180548369884491,0.3435910940170288,0.02248194068670273,0.15374134480953217,0.04667334258556366,0.21604013442993164
410,0.056520503014326096,0.24954622983932495,0.12272807955741882,0.35032567381858826,0.022886743769049644,0.15776078402996063,0.04717298969626427,0.21719343960285187
411,0.05952322483062744,0.2582530677318573,0.1257830262184143,0.3546590209007263,0.02422625944018364,0.16351783275604248,0.049768172204494476,0.22308781743049622
412,0.05975812301039696,0.2628418207168579,0.12996350228786469,0.36050450801849365,0.02264338731765747,0.1570587009191513,0.046715058386325836,0.21613666415214539
413,0.056073497980833054,0.24375049769878387,0.12062259018421173,0.34730762243270874,0.022398587316274643,0.1556127518415451,0.04626081883907318,0.2150832861661911
414,0.062448982149362564,0.26409783959388733,0.13546869158744812,0.3680607080459595,0.022432176396250725,0.15681134164333344,0.046219151467084885,0.2149863988161087
415,0.06088685616850853,0.2664080858230591,0.12994764745235443,0.36048251390457153,0.022777484729886055,0.15839815139770508,0.046953242272138596,0.21668696403503418
416,0.05174314230680466,0.23937952518463135,0.11580346524715424,0.3402990698814392,0.022672928869724274,0.15707457065582275,0.046877626329660416,0.21651241183280945
417,0.05456918478012085,0.24830366671085358,0.1194198951125145,0.3455718457698822,0.022420795634388924,0.15619900822639465,0.04628777876496315,0.21514594554901123
418,0.05662836134433746,0.2515988051891327,0.1246621385216713,0.3530752658843994,0.02243075706064701,0.1558913141489029,0.04640153422951698,0.21541015803813934
419,0.05759809911251068,0.2548169791698456,0.12475807964801788,0.35321110486984253,0.022802358493208885,0.15849807858467102,0.04698279872536659,0.21675515174865723
420,0.05333902686834335,0.24407169222831726,0.11623386293649673,0.34093087911605835,0.023333609104156494,0.15972661972045898,0.04814925789833069,0.2194293886423111
421,0.05895126983523369,0.25315842032432556,0.12651120126247406,0.3556841313838959,0.023671751841902733,0.16150276362895966,0.04878702759742737,0.22087785601615906
